{
  "LogReg": {
    "Modelo": "LogReg",
    "ROC_AUC": 0.7877495107632095,
    "PR_AUC": 0.19407797578585156,
    "thr": 0.6567999999999999,
    "precision": 0.21511627906976744,
    "recall": 0.5285714285714286,
    "f1": 0.30578512396694213
  },
  "RandomForest": {
    "Modelo": "RandomForest",
    "ROC_AUC": 0.7888584474885846,
    "PR_AUC": 0.21424588070278097,
    "thr": 0.6372,
    "precision": 0.2641509433962264,
    "recall": 0.4,
    "f1": 0.3181818181818182
  },
  "GradBoost": {
    "Modelo": "GradBoost",
    "ROC_AUC": 0.7966470971950423,
    "PR_AUC": 0.2622629911587877,
    "thr": 0.157,
    "precision": 0.3058823529411765,
    "recall": 0.37142857142857144,
    "f1": 0.33548387096774196
  }
}